clone	replicate	volume	mean.thickness	radius	area	sphericity	length	dry.mass	perimeter	length.to.width
cloneA	1	1421.290039062505	1.26280164718628	18.816801071167	1112.34997558594	0.261999994516373	70.9400024414063	355.3150024414065	178.960006713867	2.6129215423942473
cloneA	2	1618.200012207035	1.275683760643005	19.8480892181396	1237.61999511719	0.254999995231628	70.6349983215332	404.5449981689455	NA	2.329999727465811
cloneA	3	1501.47998046875	1.2540111541748	19.3593502044678	1177.42004394531	0.256000012159348	75.5	375.359985351563	187.610000610352	2.7797356861096056
cloneB	1	1576.82995605469	0.90720921754837	23.7191905975342	1767.4599609375	0.185000002384186	68.4400024414063	394.200012207031	206.910003662109	1.6515826476269917
cloneB	2	1450.09997558594	0.891939878463745	22.7334804534912	1623.60998535156	0.187999993562698	67.0699996948242	362.519989013672	200.919998168945	1.6947705772029922
cloneB	3	1255.719970703125	0.9477265775203705	20.0810279846191	1266.83996582031	0.209000006318092	54.19999885559085	313.92500305175804	163.660003662109	1.581347196289622
